{
    "exact": {
        "p": 0.2321573398215734,
        "r": 0.36971262512108494,
        "f1": 0.28521609166770456
    },
    "relaxed": {
        "p": 0.23742903487429035,
        "r": 0.37810784630287375,
        "f1": 0.29169261427325943
    }
}