{
    "exact": {
        "p": 0.4952960708356392,
        "r": 0.5630701478452343,
        "f1": 0.5270131017223613
    },
    "relaxed": {
        "p": 0.5118981737686774,
        "r": 0.5819440075495439,
        "f1": 0.5446783453555131
    }
}