{
    "exact": {
        "p": 0.023212192262602578,
        "r": 0.03236351748937561,
        "f1": 0.02703440742763517
    },
    "relaxed": {
        "p": 0.023212192262602578,
        "r": 0.03236351748937561,
        "f1": 0.02703440742763517
    }
}