{
    "exact": {
        "p": 0.2654305928275189,
        "r": 0.34149403640929066,
        "f1": 0.29869595058339055
    },
    "relaxed": {
        "p": 0.27348133691144183,
        "r": 0.35185185185185186,
        "f1": 0.3077556623198353
    }
}