{
    "exact": {
        "p": 0.7494730502860584,
        "r": 0.8023855577047067,
        "f1": 0.7750272458352795
    },
    "relaxed": {
        "p": 0.7732610659439928,
        "r": 0.8278529980657641,
        "f1": 0.7996263428304531
    }
}