{
    "exact": {
        "p": 0.30564784053156147,
        "r": 0.44516129032258067,
        "f1": 0.3624425476034143
    },
    "relaxed": {
        "p": 0.3140642303433001,
        "r": 0.45741935483870966,
        "f1": 0.3724228496388706
    }
}