{
    "exact": {
        "p": 0.6102181400688863,
        "r": 0.6849226804123711,
        "f1": 0.6454159077109897
    },
    "relaxed": {
        "p": 0.6268656716417911,
        "r": 0.7036082474226805,
        "f1": 0.663023679417122
    }
}