{
    "exact": {
        "p": 0.0004366812227074236,
        "r": 0.0003295978905735003,
        "f1": 0.0003756574004507889
    },
    "relaxed": {
        "p": 0.0004366812227074236,
        "r": 0.0003295978905735003,
        "f1": 0.0003756574004507889
    }
}