{
    "exact": {
        "p": 0.7624359360868255,
        "r": 0.8121387283236994,
        "f1": 0.7865028766910278
    },
    "relaxed": {
        "p": 0.7844437744950257,
        "r": 0.8355812459858702,
        "f1": 0.8092054112890685
    }
}