{
    "exact": {
        "p": 0.7573761099971354,
        "r": 0.7500709219858156,
        "f1": 0.7537058152793614
    },
    "relaxed": {
        "p": 0.7880263534803781,
        "r": 0.7804255319148936,
        "f1": 0.7842075256556441
    }
}