{
    "exact": {
        "p": 0.7461471357952894,
        "r": 0.7279432624113475,
        "f1": 0.7369327972429639
    },
    "relaxed": {
        "p": 0.7795870892701366,
        "r": 0.7605673758865248,
        "f1": 0.769959793222286
    }
}