{
    "exact": {
        "p": 0.7593812661128616,
        "r": 0.7520567375886524,
        "f1": 0.7557012542759406
    },
    "relaxed": {
        "p": 0.7883128043540533,
        "r": 0.780709219858156,
        "f1": 0.7844925883694412
    }
}