{
    "exact": {
        "p": 0.44207230287503557,
        "r": 0.5110233629483383,
        "f1": 0.47405372405372403
    },
    "relaxed": {
        "p": 0.4588670651864503,
        "r": 0.5304376439618296,
        "f1": 0.4920634920634921
    }
}