{
    "exact": {
        "p": 0.3225073813309107,
        "r": 0.46787479406919275,
        "f1": 0.3818230707179349
    },
    "relaxed": {
        "p": 0.3322734499205087,
        "r": 0.48204283360790773,
        "f1": 0.39338531863404136
    }
}