{
    "exact": {
        "p": 0.002501876407305479,
        "r": 0.0037397157816005983,
        "f1": 0.00299805126667666
    },
    "relaxed": {
        "p": 0.002501876407305479,
        "r": 0.0037397157816005983,
        "f1": 0.00299805126667666
    }
}