{
    "exact": {
        "p": 0.1652150244964616,
        "r": 0.21795332136445242,
        "f1": 0.18795479176343088
    },
    "relaxed": {
        "p": 0.170930865541644,
        "r": 0.22549371633752244,
        "f1": 0.19445734633844253
    }
}