{
    "exact": {
        "p": 0.5612694681163679,
        "r": 0.6398659966499163,
        "f1": 0.5979962429555417
    },
    "relaxed": {
        "p": 0.580664119894211,
        "r": 0.6619765494137353,
        "f1": 0.6186599874765185
    }
}