{
    "exact": {
        "p": 0.7158956109134045,
        "r": 0.7852960312296682,
        "f1": 0.7489916227117591
    },
    "relaxed": {
        "p": 0.7330960854092526,
        "r": 0.8041639557579701,
        "f1": 0.7669872789326713
    }
}