{
    "exact": {
        "p": 0.7732364517105661,
        "r": 0.8257355318461042,
        "f1": 0.7986241400875548
    },
    "relaxed": {
        "p": 0.7901907356948229,
        "r": 0.8438409311348206,
        "f1": 0.8161350844277673
    }
}