{
    "exact": {
        "p": 0.7127251254797756,
        "r": 0.7927750410509031,
        "f1": 0.7506218905472638
    },
    "relaxed": {
        "p": 0.7292589312075584,
        "r": 0.8111658456486043,
        "f1": 0.7680348258706466
    }
}