{
    "exact": {
        "p": 0.7678140096618358,
        "r": 0.8203225806451613,
        "f1": 0.7932002495321273
    },
    "relaxed": {
        "p": 0.7913647342995169,
        "r": 0.8454838709677419,
        "f1": 0.8175296319401123
    }
}