{
    "exact": {
        "p": 0.4981860397620084,
        "r": 0.6174460431654676,
        "f1": 0.5514416512729902
    },
    "relaxed": {
        "p": 0.5026862204152751,
        "r": 0.6234467855213398,
        "f1": 0.5565916398713825
    }
}