{
    "exact": {
        "p": 0.48490696071674705,
        "r": 0.6387073347857661,
        "f1": 0.5512810467758363
    },
    "relaxed": {
        "p": 0.49020419426048567,
        "r": 0.6461174759047099,
        "f1": 0.557464501451322
    }
}