{
    "exact": {
        "p": 0.4979668893406913,
        "r": 0.616726618705036,
        "f1": 0.5510204081632653
    },
    "relaxed": {
        "p": 0.502324905550712,
        "r": 0.6225463713308121,
        "f1": 0.556011258544431
    }
}