{
    "exact": {
        "p": 0.006113216774666829,
        "r": 0.009085953116481919,
        "f1": 0.00730887297178775
    },
    "relaxed": {
        "p": 0.003432634547014834,
        "r": 0.005108556832694764,
        "f1": 0.004106173925795572
    }
}