{
    "exact": {
        "p": 0.30525193281791524,
        "r": 0.4125382813907404,
        "f1": 0.3508771929824561
    },
    "relaxed": {
        "p": 0.3073639274279616,
        "r": 0.4155844155844156,
        "f1": 0.35337423312883437
    }
}