{
    "exact": {
        "p": 0.6798606713109563,
        "r": 0.7700860832137734,
        "f1": 0.7221661621257989
    },
    "relaxed": {
        "p": 0.6902010447997468,
        "r": 0.7826243044336744,
        "f1": 0.7335127860026918
    }
}