{
    "exact": {
        "p": 0.6518300248138957,
        "r": 0.7533608173507798,
        "f1": 0.6989274133200299
    },
    "relaxed": {
        "p": 0.6607724523033969,
        "r": 0.7642626480086114,
        "f1": 0.7087596705764911
    }
}