{
    "exact": {
        "p": 0.889103690685413,
        "r": 0.9102195034184959,
        "f1": 0.8995376955903273
    },
    "relaxed": {
        "p": 0.9015817223198594,
        "r": 0.9241578094037111,
        "f1": 0.9127301841473179
    }
}