{
    "exact": {
        "p": 0.8904711673699015,
        "r": 0.9112990284274919,
        "f1": 0.9007647163435888
    },
    "relaxed": {
        "p": 0.9029535864978903,
        "r": 0.9250720461095101,
        "f1": 0.9138790035587189
    }
}