{
    "exact": {
        "p": 0.9045679886685553,
        "r": 0.9182242990654206,
        "f1": 0.9113449875133784
    },
    "relaxed": {
        "p": 0.9151611760538434,
        "r": 0.9293165467625899,
        "f1": 0.9221845439942888
    }
}