{
    "exact": {
        "p": 0.8781380753138075,
        "r": 0.9052839683680806,
        "f1": 0.891504424778761
    },
    "relaxed": {
        "p": 0.8877853284544346,
        "r": 0.9165317503148048,
        "f1": 0.9019295450522217
    }
}