{
    "exact": {
        "p": 0.928505957836847,
        "r": 0.935192023633678,
        "f1": 0.931836997516328
    },
    "relaxed": {
        "p": 0.9398826979472141,
        "r": 0.9475240206947524,
        "f1": 0.9436878910563121
    }
}