{
    "exact": {
        "p": 0.745976002341235,
        "r": 0.7477266060428278,
        "f1": 0.7468502783474948
    },
    "relaxed": {
        "p": 0.7725146198830409,
        "r": 0.7752347417840375,
        "f1": 0.7738722905682482
    }
}