{
    "exact": {
        "p": 0.7521564117308798,
        "r": 0.7673804634790261,
        "f1": 0.7596921736605198
    },
    "relaxed": {
        "p": 0.7760207015526165,
        "r": 0.7917277794074509,
        "f1": 0.7837955568462321
    }
}