{
    "exact": {
        "p": 0.7489971346704871,
        "r": 0.7667937811674977,
        "f1": 0.7577909842006088
    },
    "relaxed": {
        "p": 0.7723367697594502,
        "r": 0.7913732394366197,
        "f1": 0.7817391304347826
    }
}