{
    "exact": {
        "p": 0.4750271444082519,
        "r": 0.550487574709028,
        "f1": 0.5099810578464229
    },
    "relaxed": {
        "p": 0.49049945711183496,
        "r": 0.5684177414281221,
        "f1": 0.5265918694448491
    }
}