{
    "exact": {
        "p": 0.32849162011173183,
        "r": 0.47175866495507063,
        "f1": 0.38730075088921084
    },
    "relaxed": {
        "p": 0.33616450603486814,
        "r": 0.48282504012841093,
        "f1": 0.39636315720121235
    }
}