{
    "exact": {
        "p": 0.012713823393435044,
        "r": 0.01793283338767525,
        "f1": 0.014878939537400243
    },
    "relaxed": {
        "p": 0.012944983818770227,
        "r": 0.018258884903814804,
        "f1": 0.015149465710807523
    }
}