{
    "exact": {
        "p": 0.28186580194562233,
        "r": 0.35478806907378335,
        "f1": 0.3141506811231582
    },
    "relaxed": {
        "p": 0.2898478423547019,
        "r": 0.3648351648351648,
        "f1": 0.32304698359744227
    }
}