{
    "exact": {
        "p": 0.6045983536758445,
        "r": 0.6844473007712082,
        "f1": 0.642049736247174
    },
    "relaxed": {
        "p": 0.6204938972466648,
        "r": 0.7024421593830334,
        "f1": 0.6589299171062548
    }
}