{
    "exact": {
        "p": 0.7151711924439197,
        "r": 0.7763537327779558,
        "f1": 0.7445076048548164
    },
    "relaxed": {
        "p": 0.7325855962219598,
        "r": 0.7952579301505928,
        "f1": 0.7626363496696882
    }
}