{
    "exact": {
        "p": 0.7167985927880387,
        "r": 0.7809006707122325,
        "f1": 0.7474778355243044
    },
    "relaxed": {
        "p": 0.7326297273526825,
        "r": 0.798147556691153,
        "f1": 0.7639865484561296
    }
}