{
    "exact": {
        "p": 0.7757630704140224,
        "r": 0.8203899009268136,
        "f1": 0.797452625038832
    },
    "relaxed": {
        "p": 0.7932910244786945,
        "r": 0.8389261744966443,
        "f1": 0.81547064305685
    }
}