{
    "exact": {
        "p": 0.7206736353077816,
        "r": 0.7934782608695652,
        "f1": 0.7553256238587948
    },
    "relaxed": {
        "p": 0.7375145180023229,
        "r": 0.8120204603580563,
        "f1": 0.772976262933658
    }
}