{
    "exact": {
        "p": 0.7661556958220619,
        "r": 0.8180359435173299,
        "f1": 0.7912463138289617
    },
    "relaxed": {
        "p": 0.7897266446380294,
        "r": 0.8439807383627609,
        "f1": 0.8159528243327125
    }
}