{
    "exact": {
        "p": 0.9406506971755453,
        "r": 0.9423352435530086,
        "f1": 0.9414922168545358
    },
    "relaxed": {
        "p": 0.9514545779046939,
        "r": 0.9546919770773639,
        "f1": 0.9530705282917673
    }
}