{
    "exact": {
        "p": 0.9522522522522523,
        "r": 0.9464541547277937,
        "f1": 0.9493443506376865
    },
    "relaxed": {
        "p": 0.9649343643229635,
        "r": 0.9609598853868195,
        "f1": 0.9629430237774788
    }
}