{
    "Average length": 93.1283185840708,
    "Average similarity": 0.27429107182057816
}