{
    "Average length": 22.752136752136753,
    "Average similarity": 0.31889105016587344
}