{
    "Average length": 12.653014789533561,
    "Average similarity": 0.21525894655246414
}