{
    "exact": {
        "p": 0.1016949152542373,
        "r": 0.23204419889502761,
        "f1": 0.1414141414141414
    },
    "relaxed": {
        "p": 0.10194174757281553,
        "r": 0.23333333333333334,
        "f1": 0.14189189189189189
    }
}