{
    "exact": {
        "p": 0.6056074766355141,
        "r": 0.7363636363636363,
        "f1": 0.6646153846153845
    },
    "relaxed": {
        "p": 0.6130841121495327,
        "r": 0.7454545454545455,
        "f1": 0.6728205128205129
    }
}