{
    "exact": {
        "p": 0.8934633441675696,
        "r": 0.9053979871912168,
        "f1": 0.8993910751613197
    },
    "relaxed": {
        "p": 0.9032141567352835,
        "r": 0.9162850338889906,
        "f1": 0.9097026461762299
    }
}