{
    "exact": {
        "p": 0.5502732240437158,
        "r": 0.6450992953235106,
        "f1": 0.5939250958419345
    },
    "relaxed": {
        "p": 0.5663934426229508,
        "r": 0.6639974375400385,
        "f1": 0.6113240931878502
    }
}