{
    "exact": {
        "p": 0.5662983425414365,
        "r": 0.6562099871959027,
        "f1": 0.6079478054567024
    },
    "relaxed": {
        "p": 0.5834254143646409,
        "r": 0.676056338028169,
        "f1": 0.6263345195729537
    }
}