{
    "exact": {
        "p": 0.6965637740244612,
        "r": 0.766175528507367,
        "f1": 0.7297132397803539
    },
    "relaxed": {
        "p": 0.7143273150844496,
        "r": 0.7857142857142857,
        "f1": 0.7483221476510068
    }
}