{
    "exact": {
        "p": 0.6997067448680352,
        "r": 0.7618135376756067,
        "f1": 0.7294405380617548
    },
    "relaxed": {
        "p": 0.7193548387096774,
        "r": 0.783205619412516,
        "f1": 0.7499235707734638
    }
}