{
    "exact": {
        "p": 0.759198324857912,
        "r": 0.8119001919385797,
        "f1": 0.7846653269438862
    },
    "relaxed": {
        "p": 0.7774454083158839,
        "r": 0.8314139475367882,
        "f1": 0.8035245014685424
    }
}