{
    "exact": {
        "p": 0.6915621436716077,
        "r": 0.7788121990369181,
        "f1": 0.7325985203080175
    },
    "relaxed": {
        "p": 0.7075256556442417,
        "r": 0.7967897271268057,
        "f1": 0.749509285822135
    }
}